,minority_size,tp,fp,tn,fn,tpr,tnr,roc_auc,geometric_mean,arithmetic_mean,f1_score,precision,layers,method
0,0.5,1317,5901,648144,12,0.9909709999999999,0.990978,0.998893,0.990974,0.990974,0.308178,0.18246099999999998,2,rus
1,0.5,1317,6013,648032,12,0.9909709999999999,0.990806,0.9990049999999999,0.9908889999999999,0.9908889999999999,0.304192,0.179673,2,rus
2,0.5,1317,7107,646938,12,0.9909709999999999,0.9891340000000001,0.998868,0.990052,0.990052,0.270071,0.156339,2,rus
3,0.5,1317,6780,647265,12,0.9909709999999999,0.989634,0.998906,0.990302,0.990302,0.27944,0.162653,2,rus
4,0.5,1317,8598,645447,12,0.9909709999999999,0.9868540000000001,0.998819,0.9889100000000001,0.9889120000000001,0.234258,0.132829,2,rus
5,0.5,1317,7427,646618,12,0.9909709999999999,0.9886450000000001,0.9988379999999999,0.989807,0.989808,0.261491,0.150618,2,rus
6,0.5,1317,7242,646803,12,0.9909709999999999,0.988927,0.9988049999999999,0.9899479999999999,0.989949,0.266383,0.153873,2,rus
7,0.5,1317,6362,647683,12,0.9909709999999999,0.990273,0.9985930000000001,0.9906219999999999,0.9906219999999999,0.29240700000000003,0.171507,2,rus
8,0.5,1317,6469,647576,12,0.9909709999999999,0.990109,0.9989450000000001,0.99054,0.99054,0.28897399999999995,0.16915,2,rus
9,0.5,1317,7106,646939,12,0.9909709999999999,0.989135,0.9989110000000001,0.9900530000000001,0.9900530000000001,0.270098,0.156358,2,rus
10,0.5,1317,6926,647119,12,0.9909709999999999,0.989411,0.9985940000000001,0.99019,0.9901909999999999,0.27517800000000003,0.159772,2,rus
11,0.5,1318,7666,646379,11,0.9917229999999999,0.9882790000000001,0.9985229999999999,0.99,0.990001,0.2556,0.146705,2,rus
12,0.5,1317,6889,647156,12,0.9909709999999999,0.989467,0.9991540000000001,0.9902190000000001,0.9902190000000001,0.27624499999999996,0.160492,2,rus
13,0.5,1317,6317,647728,12,0.9909709999999999,0.9903420000000001,0.9988469999999999,0.990656,0.990656,0.293875,0.172518,2,rus
14,0.5,1317,19087,634958,12,0.9909709999999999,0.970817,0.998727,0.980842,0.980894,0.121198,0.064546,2,rus
15,0.5,1317,6318,647727,12,0.9909709999999999,0.99034,0.9988889999999999,0.990655,0.990655,0.293842,0.172495,2,rus
16,0.5,1317,8209,645836,12,0.9909709999999999,0.987449,0.9984290000000001,0.989208,0.98921,0.242653,0.138253,2,rus
17,0.5,1317,12919,641126,12,0.9909709999999999,0.980248,0.998661,0.9855950000000001,0.9856090000000001,0.169226,0.092512,2,rus
18,0.5,1317,7271,646774,12,0.9909709999999999,0.988883,0.9989110000000001,0.989926,0.989927,0.26560500000000004,0.153354,2,rus
19,0.5,1317,7223,646822,12,0.9909709999999999,0.988956,0.998964,0.9899629999999999,0.989964,0.266896,0.15421500000000002,2,rus
20,0.5,1319,8110,645935,10,0.992476,0.9876,0.998748,0.990035,0.990038,0.24521300000000001,0.139888,2,rus
21,0.5,1317,6411,647634,12,0.9909709999999999,0.9901979999999999,0.9990709999999999,0.990584,0.990584,0.290825,0.17041900000000001,2,rus
22,0.5,1317,7702,646343,12,0.9909709999999999,0.988224,0.9983299999999999,0.9895959999999999,0.989597,0.254542,0.146025,2,rus
23,0.5,1317,7573,646472,12,0.9909709999999999,0.9884209999999999,0.998825,0.9896950000000001,0.9896959999999999,0.257755,0.148144,2,rus
24,0.5,1317,6820,647225,12,0.9909709999999999,0.9895729999999999,0.998693,0.9902709999999999,0.9902719999999999,0.27825900000000003,0.161853,2,rus
25,0.5,1317,7183,646862,12,0.9909709999999999,0.9890180000000001,0.999036,0.989994,0.989994,0.26798299999999997,0.154941,2,rus
26,0.5,1317,5902,648143,12,0.9909709999999999,0.990976,0.998784,0.990973,0.990973,0.308142,0.18243499999999999,2,rus
27,0.5,1317,6295,647750,12,0.9909709999999999,0.990375,0.998935,0.9906729999999999,0.9906729999999999,0.294598,0.173016,2,rus
28,0.5,1317,6946,647099,12,0.9909709999999999,0.9893799999999999,0.998806,0.990175,0.990175,0.274604,0.159385,2,rus
29,0.5,1317,6463,647582,12,0.9909709999999999,0.990118,0.9985120000000001,0.9905440000000001,0.9905450000000001,0.289165,0.16927999999999999,2,rus
30,0.0005,1310,351373,302672,19,0.9857040000000001,0.462769,0.988769,0.675391,0.724236,0.0074010000000000005,0.003714,2,rus
31,0.0005,1324,647689,6356,5,0.996238,0.009718000000000001,0.988308,0.09839400000000001,0.5029779999999999,0.004072,0.0020399999999999997,2,rus
32,0.0005,1323,623932,30113,6,0.9954850000000001,0.046041000000000006,0.988165,0.214087,0.520763,0.004222999999999999,0.002116,2,rus
33,0.0005,1310,153715,500330,19,0.9857040000000001,0.7649779999999999,0.990933,0.8683559999999999,0.875341,0.016756999999999998,0.00845,2,rus
34,0.0005,1310,179206,474839,19,0.9857040000000001,0.726004,0.990648,0.8459459999999999,0.8558540000000001,0.014408,0.0072569999999999996,2,rus
35,0.0005,1320,373961,280084,9,0.9932280000000001,0.428234,0.99144,0.652176,0.710731,0.00701,0.003517,2,rus
36,0.0005,1311,379798,274247,18,0.986456,0.419309,0.988682,0.643141,0.702883,0.006856,0.00344,2,rus
37,0.0005,1322,592352,61693,7,0.994733,0.094325,0.990914,0.306314,0.544529,0.004444,0.002227,2,rus
38,0.0005,1321,515502,138543,8,0.99398,0.211825,0.992088,0.45885699999999996,0.602903,0.005099,0.0025559999999999997,2,rus
39,0.0005,1310,123266,530779,19,0.9857040000000001,0.811533,0.991258,0.894389,0.898618,0.020809,0.010516,2,rus
40,0.0005,1310,270301,383744,19,0.9857040000000001,0.586724,0.9896379999999999,0.760484,0.7862140000000001,0.009599,0.004823,2,rus
41,0.0005,1321,617881,36164,8,0.99398,0.055292999999999995,0.991268,0.234435,0.524637,0.004258,0.002133,2,rus
42,0.0005,1310,113273,540772,19,0.9857040000000001,0.8268120000000001,0.991343,0.902769,0.906258,0.022603,0.011433,2,rus
43,0.0005,1310,188146,465899,19,0.9857040000000001,0.712335,0.990576,0.837944,0.8490190000000001,0.013733,0.006915,2,rus
44,0.0005,1311,329009,325036,18,0.986456,0.496963,0.989381,0.700166,0.7417090000000001,0.007906,0.0039689999999999994,2,rus
45,0.0005,1329,653819,226,0,1.0,0.000346,0.995084,0.018588999999999998,0.500173,0.0040490000000000005,0.002029,2,rus
46,0.0005,1310,184792,469253,19,0.9857040000000001,0.717463,0.990585,0.8409549999999999,0.851583,0.013978,0.007039,2,rus
47,0.0005,1310,150672,503373,19,0.9857040000000001,0.7696310000000001,0.990957,0.870992,0.877667,0.017089,0.008619,2,rus
48,0.0005,1310,151550,502495,19,0.9857040000000001,0.768288,0.99095,0.870232,0.8769959999999999,0.016992,0.00857,2,rus
49,0.0005,1319,318188,335857,10,0.992476,0.5135069999999999,0.991857,0.713893,0.752992,0.008222,0.004128,2,rus
50,0.0005,1322,636984,17061,7,0.994733,0.026085,0.990821,0.161084,0.510409,0.0041340000000000005,0.002071,2,rus
51,0.0005,1311,312809,341236,18,0.986456,0.521732,0.989455,0.7174020000000001,0.7540939999999999,0.008312,0.004174000000000001,2,rus
52,0.0005,1310,157545,496500,19,0.9857040000000001,0.7591220000000001,0.990875,0.8650260000000001,0.8724129999999999,0.016356,0.008246999999999999,2,rus
53,0.0005,1311,164251,489794,18,0.986456,0.748869,0.990771,0.859492,0.867662,0.015711000000000003,0.007918000000000001,2,rus
54,0.0005,1311,248351,405694,18,0.986456,0.6202850000000001,0.990143,0.78223,0.80337,0.010447,0.005251,2,rus
55,0.0005,1310,355759,298286,19,0.9857040000000001,0.456063,0.988721,0.67048,0.7208829999999999,0.00731,0.003669,2,rus
56,0.0005,1324,643318,10727,5,0.996238,0.016401,0.9923270000000001,0.127825,0.506319,0.004099,0.002054,2,rus
57,0.0005,1322,546453,107592,7,0.994733,0.164502,0.98906,0.404519,0.5796180000000001,0.004815,0.0024129999999999998,2,rus
58,0.0005,1310,166096,487949,19,0.9857040000000001,0.7460479999999999,0.990823,0.8575440000000001,0.865876,0.015527000000000001,0.007825,2,rus
59,0.0005,1310,139463,514582,19,0.9857040000000001,0.786768,0.991082,0.8806360000000001,0.886236,0.018437000000000002,0.009306,2,rus
60,0.005,1328,47314,606731,1,0.9992479999999999,0.927659,0.9992850000000001,0.9627879999999999,0.9634530000000001,0.053151,0.027302,2,rus
61,0.005,1314,3099,650946,15,0.988713,0.9952620000000001,0.99935,0.9919819999999999,0.9919879999999999,0.45768000000000003,0.297757,2,rus
62,0.005,1314,3446,650599,15,0.988713,0.9947309999999999,0.999273,0.991718,0.9917219999999999,0.431598,0.27605,2,rus
63,0.005,1317,15530,638515,12,0.9909709999999999,0.9762549999999999,0.9976459999999999,0.9835860000000001,0.983613,0.14491600000000002,0.07817400000000001,2,rus
64,0.005,1310,2560,651485,19,0.9857040000000001,0.996086,0.992957,0.9908809999999999,0.9908950000000001,0.503943,0.338501,2,rus
65,0.005,1326,34495,619550,3,0.997743,0.947259,0.9994639999999999,0.972173,0.9725010000000001,0.071386,0.037017,2,rus
66,0.005,1317,5470,648575,12,0.9909709999999999,0.9916370000000001,0.9993040000000001,0.9913040000000001,0.9913040000000001,0.324544,0.194047,2,rus
67,0.005,1328,71083,582962,1,0.9992479999999999,0.891318,0.999091,0.9437409999999999,0.945283,0.036018,0.018340000000000002,2,rus
68,0.005,1323,44965,609080,6,0.9954850000000001,0.931251,0.999023,0.9628329999999999,0.963368,0.05556799999999999,0.028582,2,rus
69,0.005,1329,72699,581346,0,1.0,0.8888469999999999,0.9987389999999999,0.942787,0.9444239999999999,0.035272000000000005,0.017953,2,rus
70,0.005,1329,71748,582297,0,1.0,0.890301,0.9993209999999999,0.943558,0.9451510000000001,0.035723000000000005,0.018186,2,rus
71,0.005,1323,70168,583877,6,0.9954850000000001,0.892717,0.9971180000000001,0.942702,0.944101,0.036336,0.018506,2,rus
72,0.005,1317,18054,635991,12,0.9909709999999999,0.9723959999999999,0.9991030000000001,0.98164,0.981684,0.127246,0.06798799999999999,2,rus
73,0.005,1324,71089,582956,5,0.996238,0.891309,0.9988670000000001,0.942314,0.943773,0.035908999999999996,0.018284,2,rus
74,0.005,1310,932,653113,19,0.9857040000000001,0.998575,0.9930629999999999,0.992118,0.992139,0.733688,0.5843,2,rus
75,0.005,1317,5091,648954,12,0.9909709999999999,0.992216,0.998941,0.9915930000000001,0.9915930000000001,0.340442,0.20552399999999998,2,rus
76,0.005,1329,71885,582160,0,1.0,0.890092,0.9993629999999999,0.9434469999999999,0.9450459999999999,0.035657,0.018152,2,rus
77,0.005,1329,72729,581316,0,1.0,0.8888010000000001,0.9994040000000001,0.9427629999999999,0.944401,0.035258,0.017945,2,rus
78,0.005,1329,74368,579677,0,1.0,0.886295,0.998778,0.941433,0.943148,0.034508,0.017557,2,rus
79,0.005,1328,68190,585855,1,0.9992479999999999,0.895741,0.9994850000000001,0.9460799999999999,0.9474940000000001,0.037489,0.019103,2,rus
80,0.005,1328,72674,581371,1,0.9992479999999999,0.888885,0.9989950000000001,0.9424520000000001,0.944066,0.035258,0.017945,2,rus
81,0.005,1329,72223,581822,0,1.0,0.889575,0.9993770000000001,0.9431729999999999,0.944787,0.035496,0.018068999999999998,2,rus
82,0.005,1327,70189,583856,2,0.998495,0.8926850000000001,0.9991959999999999,0.944109,0.9455899999999999,0.036433999999999994,0.018555000000000002,2,rus
83,0.005,1328,70630,583415,1,0.9992479999999999,0.8920100000000001,0.9989899999999999,0.944108,0.945629,0.036241,0.018455000000000003,2,rus
84,0.005,1328,72814,581231,1,0.9992479999999999,0.8886709999999999,0.9989969999999999,0.9423389999999999,0.943959,0.035192,0.017912,2,rus
85,0.005,1310,849,653196,19,0.9857040000000001,0.9987020000000001,0.9916940000000001,0.992181,0.9922030000000001,0.751147,0.606762,2,rus
86,0.005,1321,35074,618971,8,0.99398,0.9463739999999999,0.9991059999999999,0.969885,0.9701770000000001,0.070035,0.036295999999999995,2,rus
87,0.005,1328,46102,607943,1,0.9992479999999999,0.9295120000000001,0.9993920000000001,0.963749,0.9643799999999999,0.054472,0.027999,2,rus
88,0.005,1319,32059,621986,10,0.992476,0.950983,0.9990190000000001,0.971508,0.97173,0.076008,0.039517000000000004,2,rus
89,0.005,1318,5203,648842,11,0.9917229999999999,0.9920450000000001,0.999381,0.991884,0.991884,0.335796,0.20211600000000002,2,rus
90,0.01,1317,3774,650271,12,0.9909709999999999,0.99423,0.9991700000000001,0.992599,0.9926,0.41028000000000003,0.25869200000000003,2,rus
91,0.01,1310,2645,651400,19,0.9857040000000001,0.995956,0.993084,0.990816,0.9908299999999999,0.49583599999999994,0.331226,2,rus
92,0.01,1316,5502,648543,13,0.990218,0.9915879999999999,0.999308,0.9909030000000001,0.9909030000000001,0.32306399999999996,0.193018,2,rus
93,0.01,1316,3664,650381,13,0.990218,0.994398,0.9989299999999999,0.9923059999999999,0.992308,0.417182,0.264257,2,rus
94,0.01,1316,4804,649241,13,0.990218,0.992655,0.9989549999999999,0.9914360000000001,0.9914370000000001,0.35333600000000004,0.215033,2,rus
95,0.01,1316,3135,650910,13,0.990218,0.995207,0.999218,0.9927090000000001,0.992712,0.455363,0.295664,2,rus
96,0.01,1317,5591,648454,12,0.9909709999999999,0.991452,0.999446,0.9912110000000001,0.9912110000000001,0.319777,0.190649,2,rus
97,0.01,1327,30268,623777,2,0.998495,0.953722,0.9992969999999999,0.975852,0.976108,0.08061,0.042,2,rus
98,0.01,1310,983,653062,19,0.9857040000000001,0.998497,0.9930040000000001,0.99208,0.9921,0.7233569999999999,0.571304,2,rus
99,0.01,1313,3474,650571,16,0.9879610000000001,0.9946879999999999,0.99895,0.9913190000000001,0.991325,0.42936599999999997,0.274285,2,rus
100,0.01,1314,1871,652174,15,0.988713,0.9971389999999999,0.999239,0.992917,0.992926,0.5821890000000001,0.412559,2,rus
101,0.01,1317,5521,648524,12,0.9909709999999999,0.991559,0.999352,0.991265,0.991265,0.322517,0.1926,2,rus
102,0.01,1315,2742,651303,14,0.989466,0.995808,0.998969,0.992632,0.9926370000000001,0.488303,0.324131,2,rus
103,0.01,1328,70308,583737,1,0.9992479999999999,0.892503,0.9993569999999999,0.944368,0.945875,0.036400999999999996,0.018538,2,rus
104,0.01,1316,5644,648401,13,0.990218,0.9913709999999999,0.999439,0.9907940000000001,0.9907940000000001,0.317529,0.18908,2,rus
105,0.01,1310,895,653150,19,0.9857040000000001,0.998632,0.992677,0.9921469999999999,0.992168,0.74137,0.594104,2,rus
106,0.01,1316,3840,650205,13,0.990218,0.994129,0.9994639999999999,0.9921719999999999,0.992174,0.40586,0.255237,2,rus
107,0.01,1317,2898,651147,12,0.9909709999999999,0.995569,0.999149,0.993267,0.9932700000000001,0.475108,0.312456,2,rus
108,0.01,1321,49324,604721,8,0.99398,0.924586,0.9989879999999999,0.958656,0.959283,0.050832999999999996,0.026083999999999996,2,rus
109,0.01,1319,40457,613588,10,0.992476,0.9381430000000001,0.998841,0.9649270000000001,0.965309,0.061199,0.031573000000000004,2,rus
110,0.01,1317,5601,648444,12,0.9909709999999999,0.9914360000000001,0.9991270000000001,0.9912030000000001,0.9912040000000001,0.319389,0.19037300000000001,2,rus
111,0.01,1325,70811,583234,4,0.9969899999999999,0.891734,0.9989950000000001,0.942894,0.944362,0.036072,0.018368000000000002,2,rus
112,0.01,1317,5348,648697,12,0.9909709999999999,0.991823,0.9994360000000001,0.991397,0.991397,0.329497,0.197599,2,rus
113,0.01,1316,4889,649156,13,0.990218,0.992525,0.998948,0.9913709999999999,0.9913719999999999,0.34935,0.212087,2,rus
114,0.01,1310,1264,652781,19,0.9857040000000001,0.998067,0.990733,0.991866,0.991885,0.671279,0.5089359999999999,2,rus
115,0.01,1310,858,653187,19,0.9857040000000001,0.9986879999999999,0.993684,0.992175,0.992196,0.749214,0.604244,2,rus
116,0.01,1317,6038,648007,12,0.9909709999999999,0.990768,0.9990889999999999,0.990869,0.990869,0.303316,0.179062,2,rus
117,0.01,1317,6392,647653,12,0.9909709999999999,0.9902270000000001,0.9990530000000001,0.990599,0.990599,0.29143600000000003,0.17083900000000002,2,rus
118,0.01,1317,3918,650127,12,0.9909709999999999,0.9940100000000001,0.998985,0.992489,0.99249,0.40128,0.251576,2,rus
119,0.01,1323,70882,583163,6,0.9954850000000001,0.891625,0.9988450000000001,0.942125,0.9435549999999999,0.035983,0.018323,2,rus
120,0.1,1328,72471,581574,1,0.9992479999999999,0.8891959999999999,0.9988870000000001,0.942617,0.9442219999999999,0.035352999999999996,0.017995,2,rus
121,0.1,1317,6724,647321,12,0.9909709999999999,0.989719,0.9989040000000001,0.990345,0.990345,0.28110999999999997,0.163786,2,rus
122,0.1,1327,44280,609765,2,0.998495,0.932298,0.9992639999999999,0.964829,0.965397,0.056545000000000005,0.029095999999999997,2,rus
123,0.1,1317,7026,647019,12,0.9909709999999999,0.989258,0.999232,0.9901139999999999,0.9901139999999999,0.272333,0.157857,2,rus
124,0.1,1317,6278,647767,12,0.9909709999999999,0.990401,0.9990399999999999,0.9906860000000001,0.9906860000000001,0.295159,0.173404,2,rus
125,0.1,1329,58205,595840,0,1.0,0.911008,0.999332,0.954467,0.9555040000000001,0.043672,0.022323,2,rus
126,0.1,1318,5167,648878,11,0.9917229999999999,0.9921,0.999381,0.9919110000000001,0.9919120000000001,0.337343,0.203238,2,rus
127,0.1,1317,6773,647272,12,0.9909709999999999,0.9896440000000001,0.9989239999999999,0.9903069999999999,0.990308,0.279648,0.162794,2,rus
128,0.1,1328,53647,600398,1,0.9992479999999999,0.917977,0.99923,0.95775,0.9586120000000001,0.047172000000000006,0.024156,2,rus
129,0.1,1317,6366,647679,12,0.9909709999999999,0.990267,0.998898,0.990619,0.990619,0.292277,0.171417,2,rus
130,0.1,1318,6491,647554,11,0.9917229999999999,0.9900760000000001,0.9989790000000001,0.990899,0.990899,0.288466,0.16877999999999999,2,rus
131,0.1,1317,5043,649002,12,0.9909709999999999,0.99229,0.9992469999999999,0.9916299999999999,0.9916299999999999,0.342567,0.207075,2,rus
132,0.1,1318,4767,649278,11,0.9917229999999999,0.992712,0.998951,0.992217,0.992217,0.355544,0.216598,2,rus
133,0.1,1325,12585,641460,4,0.9969899999999999,0.980758,0.9993290000000001,0.988841,0.988874,0.173896,0.09525499999999999,2,rus
134,0.1,1317,6377,647668,12,0.9909709999999999,0.99025,0.999229,0.99061,0.99061,0.291921,0.171172,2,rus
135,0.1,1317,6188,647857,12,0.9909709999999999,0.990539,0.9988450000000001,0.9907549999999999,0.9907549999999999,0.298166,0.175483,2,rus
136,0.1,1317,7167,646878,12,0.9909709999999999,0.989042,0.9990870000000001,0.9900059999999999,0.9900059999999999,0.268419,0.15523299999999998,2,rus
137,0.1,1317,6426,647619,12,0.9909709999999999,0.990175,0.9989600000000001,0.9905729999999999,0.9905729999999999,0.290344,0.17008900000000002,2,rus
138,0.1,1329,70517,583528,0,1.0,0.892183,0.999376,0.9445549999999999,0.946092,0.036324,0.018498,2,rus
139,0.1,1317,6806,647239,12,0.9909709999999999,0.9895940000000001,0.999235,0.990282,0.990282,0.278671,0.162132,2,rus
140,0.1,1317,6683,647362,12,0.9909709999999999,0.9897819999999999,0.9989379999999999,0.990376,0.990376,0.28234499999999996,0.164625,2,rus
141,0.1,1329,71922,582123,0,1.0,0.890035,0.9994350000000001,0.9434170000000001,0.945018,0.03564,0.018143,2,rus
142,0.1,1317,6465,647580,12,0.9909709999999999,0.990115,0.998811,0.9905430000000001,0.9905430000000001,0.289101,0.169237,2,rus
143,0.1,1318,6753,647292,11,0.9917229999999999,0.989675,0.999442,0.990699,0.990699,0.280426,0.163301,2,rus
144,0.1,1318,7911,646134,11,0.9917229999999999,0.9879049999999999,0.999001,0.989812,0.989814,0.24966799999999997,0.142811,2,rus
145,0.1,1324,28907,625138,5,0.996238,0.9558030000000001,0.9993290000000001,0.9758110000000001,0.9760200000000001,0.08390399999999999,0.043795999999999995,2,rus
146,0.1,1317,6581,647464,12,0.9909709999999999,0.9899379999999999,0.999242,0.9904540000000001,0.9904540000000001,0.285467,0.166751,2,rus
147,0.1,1317,5618,648427,12,0.9909709999999999,0.99141,0.9991700000000001,0.99119,0.9911909999999999,0.318732,0.189906,2,rus
148,0.1,1329,71189,582856,0,1.0,0.891156,0.9991389999999999,0.94401,0.945578,0.035993,0.018326,2,rus
149,0.1,1317,6923,647122,12,0.9909709999999999,0.9894149999999999,0.998891,0.990193,0.990193,0.275264,0.15983,2,rus
150,0.7,1317,7018,647027,12,0.9909709999999999,0.9892700000000001,0.998598,0.9901200000000001,0.9901200000000001,0.27255799999999997,0.15800799999999998,2,rus
151,0.7,1317,7405,646640,12,0.9909709999999999,0.9886780000000001,0.998977,0.9898239999999999,0.9898239999999999,0.262063,0.150997,2,rus
152,0.7,1317,6314,647731,12,0.9909709999999999,0.990346,0.9986430000000001,0.990658,0.990658,0.293973,0.172586,2,rus
153,0.7,1317,7042,647003,12,0.9909709999999999,0.989233,0.997872,0.990102,0.990102,0.271883,0.157555,2,rus
154,0.7,1317,16557,637488,12,0.9909709999999999,0.974685,0.998034,0.9827940000000001,0.982828,0.137166,0.07368200000000001,2,rus
155,0.7,1317,6373,647672,12,0.9909709999999999,0.9902559999999999,0.998575,0.990613,0.990613,0.29205,0.171261,2,rus
156,0.7,1317,7238,646807,12,0.9909709999999999,0.988933,0.998243,0.989952,0.989952,0.266491,0.153945,2,rus
157,0.7,1317,8297,645748,12,0.9909709999999999,0.9873139999999999,0.9986659999999999,0.9891409999999999,0.989142,0.240702,0.136988,2,rus
158,0.7,1317,6924,647121,12,0.9909709999999999,0.9894139999999999,0.9979610000000001,0.990192,0.990192,0.275235,0.15981099999999998,2,rus
159,0.7,1317,6392,647653,12,0.9909709999999999,0.9902270000000001,0.998872,0.990599,0.990599,0.29143600000000003,0.17083900000000002,2,rus
160,0.7,1317,6343,647702,12,0.9909709999999999,0.990302,0.998991,0.9906360000000001,0.9906360000000001,0.293025,0.171932,2,rus
161,0.7,1317,7668,646377,12,0.9909709999999999,0.988276,0.998034,0.9896219999999999,0.9896229999999999,0.25538099999999997,0.14657799999999999,2,rus
162,0.7,1318,14815,639230,11,0.9917229999999999,0.977349,0.9986940000000001,0.98451,0.9845360000000001,0.150956,0.081696,2,rus
163,0.7,1317,7195,646850,12,0.9909709999999999,0.988999,0.9985379999999999,0.989984,0.989985,0.267656,0.154723,2,rus
164,0.7,1317,6191,647854,12,0.9909709999999999,0.990534,0.9983270000000001,0.9907520000000001,0.9907520000000001,0.298065,0.175413,2,rus
165,0.7,1317,19052,634993,12,0.9909709999999999,0.9708709999999999,0.9981559999999999,0.9808690000000001,0.9809209999999999,0.121394,0.064657,2,rus
166,0.7,1317,6622,647423,12,0.9909709999999999,0.989875,0.9984129999999999,0.9904229999999999,0.9904229999999999,0.284204,0.16589,2,rus
167,0.7,1317,7727,646318,12,0.9909709999999999,0.988186,0.998502,0.989577,0.9895780000000001,0.25392800000000004,0.145621,2,rus
168,0.7,1317,6542,647503,12,0.9909709999999999,0.9899979999999999,0.998762,0.990484,0.990484,0.28667800000000004,0.167579,2,rus
169,0.7,1317,5686,648359,12,0.9909709999999999,0.9913059999999999,0.998864,0.991139,0.991139,0.316131,0.18806199999999998,2,rus
170,0.7,1317,5912,648133,12,0.9909709999999999,0.9909610000000001,0.998684,0.990966,0.990966,0.307782,0.18218299999999998,2,rus
171,0.7,1317,6440,647605,12,0.9909709999999999,0.9901540000000001,0.998818,0.990562,0.990562,0.28989699999999996,0.169782,2,rus
172,0.7,1317,17709,636336,12,0.9909709999999999,0.972924,0.9987959999999999,0.981906,0.9819469999999999,0.129403,0.069221,2,rus
173,0.7,1317,17320,636725,12,0.9909709999999999,0.973519,0.998767,0.9822059999999999,0.982245,0.131924,0.07066599999999999,2,rus
174,0.7,1317,6824,647221,12,0.9909709999999999,0.989566,0.998231,0.990268,0.9902690000000001,0.27814099999999997,0.161774,2,rus
175,0.7,1317,7896,646149,12,0.9909709999999999,0.987927,0.9982639999999999,0.989448,0.989449,0.249858,0.14295,2,rus
176,0.7,1317,6658,647387,12,0.9909709999999999,0.98982,0.99835,0.990395,0.990395,0.283104,0.165141,2,rus
177,0.7,1317,6000,648045,12,0.9909709999999999,0.990826,0.998775,0.990898,0.990898,0.30465,0.179992,2,rus
178,0.7,1316,5860,648185,13,0.990218,0.9910399999999999,0.997956,0.9906290000000001,0.9906290000000001,0.309465,0.183389,2,rus
179,0.7,1317,19240,634805,12,0.9909709999999999,0.970583,0.9984559999999999,0.9807239999999999,0.980777,0.120351,0.064066,2,rus
180,0.600859,1317,18290,635755,12,0.9909709999999999,0.972036,0.9979459999999999,0.981457,0.981503,0.12581199999999998,0.06717000000000001,2,rus
181,0.600859,1317,6622,647423,12,0.9909709999999999,0.989875,0.998935,0.9904229999999999,0.9904229999999999,0.284204,0.16589,2,rus
182,0.600859,1317,6489,647556,12,0.9909709999999999,0.990079,0.998653,0.990525,0.990525,0.288342,0.168716,2,rus
183,0.600859,1317,6432,647613,12,0.9909709999999999,0.990166,0.998553,0.990568,0.990568,0.290152,0.169957,2,rus
184,0.600859,1317,5692,648353,12,0.9909709999999999,0.991297,0.998958,0.991134,0.991134,0.31590300000000004,0.187901,2,rus
185,0.600859,1317,17945,636100,12,0.9909709999999999,0.972563,0.9985930000000001,0.9817239999999999,0.9817670000000001,0.12792,0.068373,2,rus
186,0.600859,1317,7053,646992,12,0.9909709999999999,0.989216,0.998612,0.990093,0.990093,0.271574,0.15734800000000002,2,rus
187,0.600859,1317,6527,647518,12,0.9909709999999999,0.9900209999999999,0.998495,0.9904950000000001,0.9904959999999999,0.287147,0.167899,2,rus
188,0.600859,1319,8111,645934,10,0.992476,0.987599,0.9988,0.990034,0.9900370000000001,0.24519000000000002,0.139873,2,rus
189,0.600859,1317,6380,647665,12,0.9909709999999999,0.990245,0.9990620000000001,0.990608,0.990608,0.291824,0.171106,2,rus
190,0.600859,1320,8489,645556,9,0.9932280000000001,0.9870209999999999,0.998719,0.9901200000000001,0.990124,0.23702600000000001,0.13457,2,rus
191,0.600859,1317,6781,647264,12,0.9909709999999999,0.989632,0.99851,0.990301,0.990301,0.27941,0.162633,2,rus
192,0.600859,1317,7974,646071,12,0.9909709999999999,0.987808,0.997732,0.9893879999999999,0.989389,0.248023,0.14175,2,rus
193,0.600859,1317,6685,647360,12,0.9909709999999999,0.9897790000000001,0.999044,0.990375,0.990375,0.282285,0.16458399999999998,2,rus
194,0.600859,1318,7008,647037,11,0.9917229999999999,0.9892850000000001,0.9991040000000001,0.990503,0.990504,0.273019,0.158299,2,rus
195,0.600859,1317,5075,648970,12,0.9909709999999999,0.992241,0.9987870000000001,0.991605,0.991606,0.341148,0.206039,2,rus
196,0.600859,1317,4867,649178,12,0.9909709999999999,0.992559,0.9989459999999999,0.991764,0.991765,0.350592,0.212969,2,rus
197,0.600859,1317,6135,647910,12,0.9909709999999999,0.9906200000000001,0.9986860000000001,0.9907950000000001,0.9907950000000001,0.299966,0.176731,2,rus
198,0.600859,1317,4587,649458,12,0.9909709999999999,0.9929870000000001,0.9989680000000001,0.991978,0.991979,0.364164,0.22306900000000002,2,rus
199,0.600859,1317,5939,648106,12,0.9909709999999999,0.99092,0.998936,0.9909450000000001,0.9909450000000001,0.306814,0.181505,2,rus
200,0.600859,1317,6733,647312,12,0.9909709999999999,0.989706,0.998777,0.9903379999999999,0.9903379999999999,0.28084000000000003,0.163602,2,rus
201,0.600859,1317,7151,646894,12,0.9909709999999999,0.989067,0.998533,0.9900180000000001,0.9900190000000001,0.268858,0.155527,2,rus
202,0.600859,1317,20043,634002,12,0.9909709999999999,0.969355,0.998276,0.9801030000000001,0.9801629999999999,0.11609100000000001,0.061657000000000003,2,rus
203,0.600859,1317,5974,648071,12,0.9909709999999999,0.990866,0.9987290000000001,0.9909180000000001,0.9909180000000001,0.305568,0.180634,2,rus
204,0.600859,1317,6189,647856,12,0.9909709999999999,0.9905370000000001,0.9988469999999999,0.9907540000000001,0.9907540000000001,0.298132,0.17545999999999998,2,rus
205,0.600859,1317,7746,646299,12,0.9909709999999999,0.988157,0.999043,0.989563,0.9895639999999999,0.25346399999999997,0.145316,2,rus
206,0.600859,1317,6847,647198,12,0.9909709999999999,0.9895309999999999,0.9987010000000001,0.990251,0.990251,0.277468,0.16131800000000002,2,rus
207,0.600859,1317,6452,647593,12,0.9909709999999999,0.990135,0.998669,0.990553,0.990553,0.289514,0.16952,2,rus
208,0.600859,1317,7571,646474,12,0.9909709999999999,0.988424,0.9987940000000001,0.9896969999999999,0.9896969999999999,0.257806,0.148177,2,rus
209,0.600859,1317,17844,636201,12,0.9909709999999999,0.972717,0.9984649999999999,0.9818020000000001,0.981844,0.128551,0.068733,2,rus
210,0.8,1317,7231,646814,12,0.9909709999999999,0.988944,0.998431,0.989957,0.989957,0.26668000000000003,0.154071,2,rus
211,0.8,1317,7660,646385,12,0.9909709999999999,0.9882879999999999,0.997138,0.9896290000000001,0.9896290000000001,0.255579,0.146708,2,rus
212,0.8,1317,6730,647315,12,0.9909709999999999,0.9897100000000001,0.998359,0.99034,0.99034,0.28093,0.163663,2,rus
213,0.8,1317,6683,647362,12,0.9909709999999999,0.9897819999999999,0.9983209999999999,0.990376,0.990376,0.28234499999999996,0.164625,2,rus
214,0.8,1317,5630,648415,12,0.9909709999999999,0.991392,0.998834,0.991181,0.991181,0.31827,0.189578,2,rus
215,0.8,1317,17500,636545,12,0.9909709999999999,0.9732430000000001,0.998332,0.982067,0.982107,0.130746,0.06999,2,rus
216,0.8,1317,18517,635528,12,0.9909709999999999,0.9716879999999999,0.9978790000000001,0.981282,0.9813299999999999,0.124463,0.066401,2,rus
217,0.8,1317,7477,646568,12,0.9909709999999999,0.988568,0.998751,0.989769,0.989769,0.2602,0.14976099999999998,2,rus
218,0.8,1317,18126,635919,12,0.9909709999999999,0.9722860000000001,0.9980020000000001,0.981584,0.9816280000000001,0.126805,0.067736,2,rus
219,0.8,1317,6879,647166,12,0.9909709999999999,0.989482,0.998574,0.990226,0.9902270000000001,0.276535,0.160688,2,rus
220,0.8,1311,3270,650775,18,0.986456,0.995,0.998751,0.990719,0.990728,0.443655,0.286182,2,rus
221,0.8,1317,5998,648047,12,0.9909709999999999,0.9908290000000001,0.997876,0.9909,0.9909,0.30472,0.180041,2,rus
222,0.8,1317,6826,647219,12,0.9909709999999999,0.989563,0.9984049999999999,0.990267,0.990267,0.27808299999999997,0.161734,2,rus
223,0.8,1317,17922,636123,12,0.9909709999999999,0.972598,0.997332,0.981741,0.981784,0.128063,0.068455,2,rus
224,0.8,1317,5045,649000,12,0.9909709999999999,0.9922860000000001,0.998393,0.9916280000000001,0.9916290000000001,0.342478,0.20701,2,rus
225,0.8,1317,6657,647388,12,0.9909709999999999,0.989822,0.998296,0.9903959999999999,0.9903959999999999,0.283134,0.16516199999999998,2,rus
226,0.8,1315,5191,648854,14,0.989466,0.9920629999999999,0.9987969999999999,0.990764,0.990765,0.335673,0.202121,2,rus
227,0.8,1317,6928,647117,12,0.9909709999999999,0.9894069999999999,0.998401,0.990189,0.990189,0.27512,0.15973299999999999,2,rus
228,0.8,1317,16840,637205,12,0.9909709999999999,0.974253,0.998384,0.982576,0.982612,0.135174,0.072534,2,rus
229,0.8,1317,6360,647685,12,0.9909709999999999,0.990276,0.997732,0.9906229999999999,0.9906229999999999,0.29247199999999995,0.171551,2,rus
230,0.8,1317,7580,646465,12,0.9909709999999999,0.988411,0.9987959999999999,0.98969,0.989691,0.257579,0.148027,2,rus
231,0.8,1317,6289,647756,12,0.9909709999999999,0.990384,0.9989030000000001,0.9906780000000001,0.9906780000000001,0.294796,0.173153,2,rus
232,0.8,1317,5394,648651,12,0.9909709999999999,0.9917530000000001,0.99898,0.9913620000000001,0.9913620000000001,0.327612,0.196245,2,rus
233,0.8,1317,12996,641049,12,0.9909709999999999,0.98013,0.998791,0.985535,0.98555,0.16839300000000001,0.092014,2,rus
234,0.8,1317,6665,647380,12,0.9909709999999999,0.9898100000000001,0.9983860000000001,0.99039,0.99039,0.282891,0.164996,2,rus
235,0.8,1317,6085,647960,12,0.9909709999999999,0.9906959999999999,0.998693,0.990833,0.990834,0.301684,0.177925,2,rus
236,0.8,1317,7754,646291,12,0.9909709999999999,0.988145,0.997654,0.989557,0.9895579999999999,0.253269,0.145188,2,rus
237,0.8,1316,5706,648339,13,0.990218,0.991276,0.9990370000000001,0.9907469999999999,0.9907469999999999,0.315172,0.187411,2,rus
238,0.8,1317,6546,647499,12,0.9909709999999999,0.989992,0.9989309999999999,0.990481,0.990481,0.286554,0.167493,2,rus
239,0.8,1317,17913,636132,12,0.9909709999999999,0.972612,0.9980760000000001,0.981748,0.981791,0.128119,0.068487,2,rus
240,0.0075,1316,5178,648867,13,0.990218,0.992083,0.999215,0.99115,0.991151,0.336444,0.202649,2,rus
241,0.0075,1316,4307,649738,13,0.990218,0.9934149999999999,0.9991459999999999,0.991815,0.9918170000000001,0.378596,0.234039,2,rus
242,0.0075,1317,3264,650781,12,0.9909709999999999,0.9950100000000001,0.996423,0.9929879999999999,0.9929899999999999,0.44568500000000005,0.287492,2,rus
243,0.0075,1317,3816,650229,12,0.9909709999999999,0.994166,0.9994,0.992567,0.992568,0.407614,0.256575,2,rus
244,0.0075,1317,4542,649503,12,0.9909709999999999,0.9930559999999999,0.9993219999999999,0.9920129999999999,0.9920129999999999,0.366444,0.224782,2,rus
245,0.0075,1311,1210,652835,18,0.986456,0.99815,0.99935,0.9922860000000001,0.992303,0.6810390000000001,0.5200319999999999,2,rus
246,0.0075,1317,5684,648361,12,0.9909709999999999,0.991309,0.9989979999999999,0.9911399999999999,0.9911399999999999,0.316206,0.188116,2,rus
247,0.0075,1317,5484,648561,12,0.9909709999999999,0.9916149999999999,0.9989379999999999,0.991293,0.991293,0.32398499999999997,0.19364800000000001,2,rus
248,0.0075,1319,30651,623394,10,0.992476,0.9531360000000001,0.9989309999999999,0.972607,0.972806,0.079222,0.041257,2,rus
249,0.0075,1329,62656,591389,0,1.0,0.9042020000000001,0.9994360000000001,0.950896,0.952101,0.040695999999999996,0.02077,2,rus
250,0.0075,1310,921,653124,19,0.9857040000000001,0.998592,0.992867,0.9921270000000001,0.9921479999999999,0.735955,0.5871810000000001,2,rus
251,0.0075,1310,887,653158,19,0.9857040000000001,0.9986440000000001,0.992765,0.9921530000000001,0.992174,0.743052,0.596268,2,rus
252,0.0075,1317,4192,649853,12,0.9909709999999999,0.993591,0.9994149999999999,0.9922799999999999,0.992281,0.3852,0.239063,2,rus
253,0.0075,1310,3311,650734,19,0.9857040000000001,0.9949379999999999,0.9929100000000001,0.99031,0.9903209999999999,0.44033599999999995,0.283488,2,rus
254,0.0075,1315,2899,651146,14,0.989466,0.995568,0.9993139999999999,0.9925120000000001,0.992517,0.474472,0.312055,2,rus
255,0.0075,1317,3467,650578,12,0.9909709999999999,0.994699,0.9993129999999999,0.992833,0.992835,0.430885,0.275293,2,rus
256,0.0075,1317,3625,650420,12,0.9909709999999999,0.994458,0.999318,0.992713,0.992714,0.420029,0.266491,2,rus
257,0.0075,1310,842,653203,19,0.9857040000000001,0.998713,0.9930559999999999,0.992187,0.992208,0.752657,0.6087359999999999,2,rus
258,0.0075,1310,833,653212,19,0.9857040000000001,0.998726,0.993165,0.992194,0.992215,0.754608,0.611293,2,rus
259,0.0075,1317,7126,646919,12,0.9909709999999999,0.9891049999999999,0.998693,0.9900370000000001,0.990038,0.269546,0.155987,2,rus
260,0.0075,1318,4373,649672,11,0.9917229999999999,0.9933139999999999,0.9990399999999999,0.992518,0.992519,0.37549899999999997,0.231594,2,rus
261,0.0075,1317,3385,650660,12,0.9909709999999999,0.994825,0.9994190000000001,0.9928959999999999,0.992898,0.43674300000000005,0.280094,2,rus
262,0.0075,1310,886,653159,19,0.9857040000000001,0.9986450000000001,0.992232,0.9921530000000001,0.992174,0.743262,0.596539,2,rus
263,0.0075,1314,3855,650190,15,0.988713,0.9941059999999999,0.999108,0.9914059999999999,0.99141,0.404432,0.254208,2,rus
264,0.0075,1317,3230,650815,12,0.9909709999999999,0.9950620000000001,0.999401,0.993014,0.993016,0.44826400000000005,0.289642,2,rus
265,0.0075,1312,2112,651933,17,0.987208,0.996771,0.998607,0.991978,0.9919899999999999,0.552072,0.383178,2,rus
266,0.0075,1320,43633,610412,9,0.9932280000000001,0.9332870000000001,0.999051,0.962791,0.963258,0.057041999999999995,0.029363999999999998,2,rus
267,0.0075,1315,3738,650307,14,0.989466,0.9942850000000001,0.999308,0.991872,0.991875,0.41209700000000005,0.260241,2,rus
268,0.0075,1317,3138,650907,12,0.9909709999999999,0.995202,0.9994139999999999,0.993084,0.993086,0.45539399999999997,0.295623,2,rus
269,0.0075,1316,3978,650067,13,0.990218,0.9939180000000001,0.999499,0.992066,0.9920680000000001,0.397403,0.248583,2,rus
270,0.0025,1317,176425,477620,12,0.9909709999999999,0.730256,0.993093,0.850683,0.860613,0.014709,0.007409999999999999,2,rus
271,0.0025,1329,651803,2242,0,1.0,0.003428,0.9991469999999999,0.058548,0.501714,0.004061,0.0020350000000000004,2,rus
272,0.0025,1329,653952,93,0,1.0,0.00014199999999999998,0.999453,0.011923999999999999,0.500071,0.0040479999999999995,0.0020280000000000003,2,rus
273,0.0025,1329,641205,12840,0,1.0,0.019632,0.999186,0.14011300000000002,0.5098159999999999,0.004128,0.002068,2,rus
274,0.0025,1329,642949,11096,0,1.0,0.016965,0.9993059999999999,0.130251,0.508483,0.004117,0.0020629999999999997,2,rus
275,0.0025,1329,594227,59818,0,1.0,0.091459,0.999033,0.302421,0.545729,0.004453,0.002232,2,rus
276,0.0025,1329,653669,376,0,1.0,0.000575,0.999416,0.023977000000000002,0.500287,0.00405,0.002029,2,rus
277,0.0025,1329,653562,483,0,1.0,0.0007379999999999999,0.998974,0.027175,0.500369,0.00405,0.002029,2,rus
278,0.0025,1323,634114,19931,6,0.9954850000000001,0.030473,0.9896459999999999,0.174172,0.512979,0.004155,0.002082,2,rus
279,0.0025,1329,653157,888,0,1.0,0.001358,0.99936,0.036847000000000005,0.500679,0.004053,0.002031,2,rus
280,0.0025,1324,627564,26481,5,0.996238,0.040487999999999996,0.991183,0.20083800000000002,0.518363,0.004202,0.002105,2,rus
281,0.0025,1329,653369,676,0,1.0,0.001034,0.999308,0.032149000000000004,0.500517,0.004052,0.00203,2,rus
282,0.0025,1329,652872,1173,0,1.0,0.0017929999999999999,0.9995040000000001,0.042349,0.500897,0.004055,0.002031,2,rus
283,0.0025,1329,653724,321,0,1.0,0.000491,0.9986010000000001,0.022154,0.5002449999999999,0.0040490000000000005,0.002029,2,rus
284,0.0025,1329,653598,447,0,1.0,0.000683,0.999341,0.026143,0.500342,0.00405,0.002029,2,rus
285,0.0025,1329,653807,238,0,1.0,0.000364,0.9992969999999999,0.019076,0.500182,0.0040490000000000005,0.002029,2,rus
286,0.0025,1329,645808,8237,0,1.0,0.012594,0.9973639999999999,0.112223,0.506297,0.004099,0.002054,2,rus
287,0.0025,1329,653688,357,0,1.0,0.000546,0.9992059999999999,0.023363,0.500273,0.00405,0.002029,2,rus
288,0.0025,1329,653049,996,0,1.0,0.001523,0.9987469999999999,0.039023,0.500761,0.004054,0.002031,2,rus
289,0.0025,1329,645734,8311,0,1.0,0.012707,0.996009,0.11272599999999999,0.506354,0.004099,0.002054,2,rus
290,0.0025,1329,653388,657,0,1.0,0.001005,0.999498,0.031694,0.500502,0.004052,0.00203,2,rus
291,0.0025,1329,645821,8224,0,1.0,0.012574,0.9993780000000001,0.112134,0.506287,0.004099,0.002054,2,rus
292,0.0025,1329,651467,2578,0,1.0,0.003942,0.999289,0.062782,0.5019710000000001,0.004063000000000001,0.002036,2,rus
293,0.0025,1329,653806,239,0,1.0,0.000365,0.9993,0.019116,0.500183,0.0040490000000000005,0.002029,2,rus
294,0.0025,1329,653270,775,0,1.0,0.001185,0.999345,0.034423,0.500592,0.004052,0.00203,2,rus
295,0.0025,1321,600861,53184,8,0.99398,0.081316,0.991942,0.28429899999999997,0.5376479999999999,0.004378,0.002194,2,rus
296,0.0025,1329,654017,28,0,1.0,4.3e-05,0.9991760000000001,0.006543000000000001,0.500021,0.0040479999999999995,0.0020280000000000003,2,rus
297,0.0025,1329,653990,55,0,1.0,8.4e-05,0.998883,0.009170000000000001,0.500042,0.0040479999999999995,0.0020280000000000003,2,rus
298,0.0025,1329,650026,4019,0,1.0,0.006145,0.9990479999999999,0.078389,0.5030720000000001,0.004072,0.0020399999999999997,2,rus
299,0.0025,1329,652855,1190,0,1.0,0.001819,0.998347,0.042655,0.5009100000000001,0.004055,0.002032,2,rus
300,0.00025,1288,867,653178,41,0.96915,0.998674,0.992087,0.983801,0.9839120000000001,0.73938,0.59768,2,rus
301,0.00025,1288,842,653203,41,0.96915,0.998713,0.990175,0.98382,0.983931,0.7447239999999999,0.604695,2,rus
302,0.00025,1310,840,653205,19,0.9857040000000001,0.9987159999999999,0.991067,0.992188,0.99221,0.7530899999999999,0.609302,2,rus
303,0.00025,1310,858,653187,19,0.9857040000000001,0.9986879999999999,0.991226,0.992175,0.992196,0.749214,0.604244,2,rus
304,0.00025,1282,828,653217,47,0.964635,0.998734,0.9917889999999999,0.9815360000000001,0.981685,0.745566,0.607583,2,rus
305,0.00025,1310,847,653198,19,0.9857040000000001,0.998705,0.9910059999999999,0.992183,0.9922040000000001,0.751578,0.607325,2,rus
306,0.00025,1310,2990,651055,19,0.9857040000000001,0.9954280000000001,0.9895360000000001,0.990554,0.990566,0.465447,0.304651,2,rus
307,0.00025,1310,1067,652978,19,0.9857040000000001,0.9983690000000001,0.9909100000000001,0.992016,0.992036,0.706962,0.5511149999999999,2,rus
308,0.00025,1310,910,653135,19,0.9857040000000001,0.998609,0.992808,0.992135,0.9921559999999999,0.738236,0.59009,2,rus
309,0.00025,1310,2399,651646,19,0.9857040000000001,0.996332,0.992179,0.9910040000000001,0.9910180000000001,0.520048,0.353195,2,rus
310,0.00025,1310,855,653190,19,0.9857040000000001,0.998693,0.9931760000000001,0.9921770000000001,0.9921979999999999,0.749857,0.6050810000000001,2,rus
311,0.00025,1275,833,653212,54,0.959368,0.998726,0.992807,0.978849,0.9790469999999999,0.741926,0.604839,2,rus
312,0.00025,1310,863,653182,19,0.9857040000000001,0.9986809999999999,0.991215,0.9921709999999999,0.992192,0.7481439999999999,0.602853,2,rus
313,0.00025,1310,2474,651571,19,0.9857040000000001,0.996217,0.986856,0.9909469999999999,0.9909600000000001,0.512419,0.346195,2,rus
314,0.00025,1232,800,653245,97,0.9270129999999999,0.998777,0.992743,0.962226,0.9628950000000001,0.733115,0.606299,2,rus
315,0.00025,1310,895,653150,19,0.9857040000000001,0.998632,0.991143,0.9921469999999999,0.992168,0.74137,0.594104,2,rus
316,0.00025,1310,2311,651734,19,0.9857040000000001,0.996467,0.987685,0.9910700000000001,0.991085,0.529293,0.361779,2,rus
317,0.001,1310,121525,532520,19,0.9857040000000001,0.814195,0.991295,0.895854,0.899949,0.021100999999999998,0.010665000000000001,2,rus
318,0.001,1322,377741,276304,7,0.994733,0.422454,0.9912299999999999,0.648251,0.708593,0.006951000000000001,0.003488,2,rus
319,0.001,1321,181860,472185,8,0.99398,0.721946,0.994592,0.8471129999999999,0.8579629999999999,0.014319,0.0072109999999999995,2,rus
320,0.001,1310,121464,532581,19,0.9857040000000001,0.814288,0.991284,0.895905,0.8999959999999999,0.021111,0.01067,2,rus
321,0.001,1318,213128,440917,11,0.9917229999999999,0.674139,0.993067,0.817654,0.832931,0.012216,0.006146,2,rus
322,0.001,1322,517075,136970,7,0.994733,0.20942,0.991985,0.456417,0.6020760000000001,0.0050869999999999995,0.00255,2,rus
323,0.001,1310,110633,543412,19,0.9857040000000001,0.8308479999999999,0.9914270000000001,0.90497,0.908276,0.02313,0.011701999999999999,2,rus
324,0.001,1310,146077,507968,19,0.9857040000000001,0.776656,0.9910549999999999,0.874959,0.88118,0.017616999999999997,0.008888,2,rus
325,0.001,1310,152350,501695,19,0.9857040000000001,0.767065,0.990949,0.869539,0.876384,0.016904,0.008525,2,rus
326,0.001,1310,86327,567718,19,0.9857040000000001,0.8680110000000001,0.991664,0.9249870000000001,0.9268569999999999,0.029449,0.014948,2,rus
327,0.001,1310,204056,449989,19,0.9857040000000001,0.688009,0.99039,0.8235129999999999,0.8368559999999999,0.012676,0.006379,2,rus
328,0.001,1310,133713,520332,19,0.9857040000000001,0.79556,0.9911690000000001,0.8855430000000001,0.890632,0.019215,0.009701999999999999,2,rus
329,0.001,1314,205821,448224,15,0.988713,0.685311,0.991516,0.82315,0.8370120000000001,0.012606000000000001,0.006344,2,rus
330,0.001,1321,273672,380373,8,0.99398,0.58157,0.9939819999999999,0.760309,0.787775,0.009561,0.004804,2,rus
331,0.001,1310,108523,545522,19,0.9857040000000001,0.834074,0.991477,0.906725,0.909889,0.023569,0.011927,2,rus
332,0.001,1310,386003,268042,19,0.9857040000000001,0.409822,0.988384,0.6355810000000001,0.697763,0.006741,0.003382,2,rus
333,0.001,1310,108863,545182,19,0.9857040000000001,0.8335540000000001,0.991458,0.906442,0.9096290000000001,0.023497,0.011890000000000001,2,rus
334,0.001,1316,254400,399645,13,0.990218,0.6110359999999999,0.991477,0.777855,0.8006270000000001,0.010239,0.005146,2,rus
335,0.001,1329,647174,6871,0,1.0,0.010505,0.9933559999999999,0.102496,0.505253,0.00409,0.002049,2,rus
336,0.001,1317,188926,465119,12,0.9909709999999999,0.711142,0.9927450000000001,0.839477,0.8510559999999999,0.013749,0.006923,2,rus
337,0.001,1312,153038,501007,17,0.987208,0.766013,0.991561,0.869606,0.876611,0.016855000000000002,0.0085,2,rus
338,0.001,1322,479822,174223,7,0.994733,0.266378,0.993509,0.514757,0.630555,0.00548,0.002748,2,rus
339,0.001,1310,326721,327324,19,0.9857040000000001,0.5004609999999999,0.989034,0.702358,0.743082,0.007955,0.003994,2,rus
340,0.001,1329,638434,15611,0,1.0,0.023868,0.996309,0.154494,0.511934,0.004146,0.002077,2,rus
341,0.001,1310,182282,471763,19,0.9857040000000001,0.721301,0.990611,0.843201,0.8535020000000001,0.014168,0.007135,2,rus
342,0.001,1318,155824,498221,11,0.9917229999999999,0.761753,0.993484,0.869165,0.8767379999999999,0.016634,0.008387,2,rus
343,0.001,1329,653081,964,0,1.0,0.001474,0.995167,0.038391,0.500737,0.004053,0.002031,2,rus
344,0.001,1310,138977,515068,19,0.9857040000000001,0.787512,0.9911280000000001,0.8810520000000001,0.886608,0.018501,0.009337999999999999,2,rus
345,0.001,1323,634909,19136,6,0.9954850000000001,0.029258,0.990296,0.170663,0.512372,0.00415,0.002079,2,rus
346,0.001,1324,633338,20707,5,0.996238,0.03166,0.991683,0.177597,0.513949,0.004164,0.0020859999999999997,2,rus
347,0.3,1318,6595,647450,11,0.9917229999999999,0.989917,0.9989299999999999,0.990819,0.99082,0.28522,0.166561,2,rus
348,0.3,1317,7134,646911,12,0.9909709999999999,0.989092,0.9989299999999999,0.990031,0.990032,0.269325,0.15584,2,rus
349,0.3,1318,6909,647136,11,0.9917229999999999,0.9894370000000001,0.998814,0.9905790000000001,0.9905799999999999,0.275848,0.16020399999999999,2,rus
350,0.3,1318,7238,646807,11,0.9917229999999999,0.988933,0.9988959999999999,0.9903270000000001,0.9903280000000001,0.266667,0.15404400000000001,2,rus
351,0.3,1329,66296,587749,0,1.0,0.8986370000000001,0.999116,0.947965,0.949318,0.038547000000000005,0.019652,2,rus
352,0.3,1318,8706,645339,11,0.9917229999999999,0.9866889999999999,0.999081,0.989203,0.9892059999999999,0.232185,0.131484,2,rus
353,0.3,1317,6978,647067,12,0.9909709999999999,0.989331,0.9986200000000001,0.99015,0.990151,0.27369099999999996,0.15877,2,rus
354,0.3,1318,7918,646127,11,0.9917229999999999,0.987894,0.9989969999999999,0.989807,0.989808,0.24950300000000003,0.142702,2,rus
355,0.3,1317,6903,647142,12,0.9909709999999999,0.9894459999999999,0.998999,0.990208,0.990208,0.27584000000000003,0.160219,2,rus
356,0.3,1317,6255,647790,12,0.9909709999999999,0.9904360000000001,0.9991110000000001,0.9907040000000001,0.9907040000000001,0.29592199999999996,0.17393,2,rus
357,0.3,1326,28823,625222,3,0.997743,0.955931,0.999259,0.976613,0.9768370000000001,0.084249,0.043982,2,rus
358,0.3,1317,8041,646004,12,0.9909709999999999,0.987706,0.9989899999999999,0.9893370000000001,0.9893379999999999,0.246468,0.140735,2,rus
359,0.3,1317,7072,646973,12,0.9909709999999999,0.989187,0.998542,0.990079,0.990079,0.271043,0.15699100000000002,2,rus
360,0.3,1317,5910,648135,12,0.9909709999999999,0.990964,0.998843,0.990967,0.990967,0.307854,0.182233,2,rus
361,0.3,1318,8135,645910,11,0.9917229999999999,0.987562,0.999008,0.98964,0.989643,0.244482,0.139427,2,rus
362,0.3,1317,6107,647938,12,0.9909709999999999,0.990663,0.9993209999999999,0.9908170000000001,0.9908170000000001,0.300925,0.177398,2,rus
363,0.3,1317,6411,647634,12,0.9909709999999999,0.9901979999999999,0.998842,0.990584,0.990584,0.290825,0.17041900000000001,2,rus
364,0.3,1317,8047,645998,12,0.9909709999999999,0.9876969999999999,0.998819,0.989332,0.989334,0.246329,0.140645,2,rus
365,0.3,1317,8056,645989,12,0.9909709999999999,0.987683,0.998972,0.989325,0.9893270000000001,0.24612199999999998,0.14051,2,rus
366,0.3,1317,7925,646120,12,0.9909709999999999,0.987883,0.998884,0.989426,0.9894270000000001,0.24917199999999998,0.142502,2,rus
367,0.3,1317,5824,648221,12,0.9909709999999999,0.9910950000000001,0.999187,0.9910329999999999,0.9910329999999999,0.31098000000000003,0.184428,2,rus
368,0.3,1317,13800,640245,12,0.9909709999999999,0.978901,0.998799,0.984917,0.984936,0.160161,0.08712,2,rus
369,0.3,1317,6263,647782,12,0.9909709999999999,0.990424,0.9990629999999999,0.9906969999999999,0.9906969999999999,0.295656,0.173747,2,rus
370,0.3,1317,6566,647479,12,0.9909709999999999,0.9899610000000001,0.998726,0.990466,0.990466,0.285931,0.167068,2,rus
371,0.3,1317,7747,646298,12,0.9909709999999999,0.9881549999999999,0.9987870000000001,0.989562,0.989563,0.25344,0.1453,2,rus
372,0.3,1317,7825,646220,12,0.9909709999999999,0.988036,0.9990709999999999,0.989502,0.989503,0.251552,0.14406,2,rus
373,0.3,1317,7072,646973,12,0.9909709999999999,0.989187,0.9990690000000001,0.990079,0.990079,0.271043,0.15699100000000002,2,rus
374,0.3,1317,6808,647237,12,0.9909709999999999,0.989591,0.998921,0.990281,0.990281,0.27861199999999997,0.162092,2,rus
375,0.3,1317,5830,648215,12,0.9909709999999999,0.991086,0.999173,0.991028,0.991028,0.31076,0.184273,2,rus
376,0.3,1318,8251,645794,11,0.9917229999999999,0.9873850000000001,0.9986520000000001,0.9895520000000001,0.989554,0.24187899999999998,0.137736,2,rus
377,0.9,1317,85098,568947,12,0.9909709999999999,0.8698899999999999,0.9948950000000001,0.928458,0.93043,0.030019,0.01524,2,rus
378,0.9,1316,125177,528868,13,0.990218,0.808611,0.992389,0.894819,0.899415,0.020590999999999998,0.010404,2,rus
379,0.9,1311,118505,535540,18,0.986456,0.818812,0.994936,0.898734,0.902634,0.021643,0.010942,2,rus
380,0.9,1311,21875,632170,18,0.986456,0.9665540000000001,0.9979950000000001,0.976454,0.976505,0.106955,0.056542999999999996,2,rus
381,0.9,1317,29777,624268,12,0.9909709999999999,0.9544729999999999,0.993809,0.97255,0.972722,0.08123899999999999,0.042355000000000004,2,rus
382,0.9,1239,3721,650324,90,0.9322799999999999,0.9943110000000001,0.9959540000000001,0.9627959999999999,0.9632950000000001,0.394021,0.249798,2,rus
383,0.9,1311,103884,550161,18,0.986456,0.841167,0.995712,0.910919,0.913811,0.024613999999999997,0.012463,2,rus
384,0.9,1316,39777,614268,13,0.990218,0.939183,0.9968459999999999,0.964363,0.964701,0.062042999999999994,0.032025,2,rus
385,0.9,1317,21534,632511,12,0.9909709999999999,0.967076,0.9957520000000001,0.97895,0.979023,0.10893299999999999,0.057634000000000005,2,rus
386,0.9,1317,87834,566211,12,0.9909709999999999,0.865706,0.990301,0.9262229999999999,0.9283389999999999,0.029111,0.014773,2,rus
387,0.9,1316,28732,625313,13,0.990218,0.9560700000000001,0.9964729999999999,0.972994,0.973144,0.083883,0.043797,2,rus
388,0.9,1238,3100,650945,91,0.931527,0.99526,0.997125,0.962867,0.9633940000000001,0.43691499999999994,0.285385,2,rus
389,0.9,1311,67306,586739,18,0.986456,0.897093,0.9960709999999999,0.9407139999999999,0.941774,0.037486,0.019106,2,rus
390,0.9,1311,127123,526922,18,0.986456,0.805636,0.986014,0.891473,0.8960459999999999,0.020206000000000002,0.010208,2,rus
391,0.9,1316,90527,563518,13,0.990218,0.8615889999999999,0.994408,0.923667,0.9259040000000001,0.028249,0.014329,2,rus
392,0.9,1313,58339,595706,16,0.9879610000000001,0.910803,0.996862,0.9485979999999999,0.949382,0.043063,0.022011000000000003,2,rus
393,0.9,1317,31177,622868,12,0.9909709999999999,0.952332,0.994808,0.971459,0.971651,0.077876,0.040531,2,rus
394,0.9,1316,75006,579039,13,0.990218,0.8853200000000001,0.996217,0.936301,0.9377690000000001,0.033895,0.017243,2,rus
395,0.9,1317,29314,624731,12,0.9909709999999999,0.9551799999999999,0.9972139999999999,0.9729110000000001,0.973076,0.082416,0.042996,2,rus
396,0.9,1316,80667,573378,13,0.990218,0.8766639999999999,0.9942350000000001,0.9317129999999999,0.933441,0.031592,0.016052,2,rus
397,0.9,1317,37682,616363,12,0.9909709999999999,0.9423860000000001,0.996766,0.9663729999999999,0.966678,0.065314,0.03377,2,rus
398,0.9,1313,97068,556977,16,0.9879610000000001,0.8515879999999999,0.995741,0.9172440000000001,0.919775,0.026336000000000002,0.013346,2,rus
399,0.9,1311,50138,603907,18,0.986456,0.923342,0.995818,0.954377,0.9548989999999999,0.04968,0.025481999999999998,2,rus
400,0.9,1317,53250,600795,12,0.9909709999999999,0.9185840000000001,0.995617,0.954091,0.9547770000000001,0.047123000000000005,0.024135,2,rus
401,0.9,1316,123616,530429,13,0.990218,0.810998,0.991612,0.8961389999999999,0.900608,0.020846,0.010534,2,rus
402,0.9,1317,5722,648323,12,0.9909709999999999,0.991251,0.997782,0.9911110000000001,0.9911110000000001,0.314771,0.1871,2,rus
403,0.9,1316,124941,529104,13,0.990218,0.808972,0.9900479999999999,0.895019,0.899595,0.020628999999999998,0.010423,2,rus
404,0.9,1317,6288,647757,12,0.9909709999999999,0.9903860000000001,0.997606,0.9906780000000001,0.9906780000000001,0.294829,0.173176,2,rus
405,0.9,1311,78037,576008,18,0.986456,0.8806860000000001,0.9960399999999999,0.9320719999999999,0.9335709999999999,0.0325,0.016522,2,rus
406,0.9,1314,35886,618159,15,0.988713,0.945132,0.996821,0.966677,0.966923,0.068208,0.035323,2,rus
407,0.05,1317,3612,650433,12,0.9909709999999999,0.994477,0.999107,0.9927229999999999,0.9927239999999999,0.420901,0.267194,2,rus
408,0.05,1314,4962,649083,15,0.988713,0.9924129999999999,0.999389,0.990562,0.990563,0.345562,0.209369,2,rus
409,0.05,1316,5375,648670,13,0.990218,0.9917819999999999,0.998928,0.991,0.991,0.32818,0.196682,2,rus
410,0.05,1315,4177,649868,14,0.989466,0.993614,0.9989709999999999,0.9915379999999999,0.99154,0.385574,0.23943899999999999,2,rus
411,0.05,1310,1574,652471,19,0.9857040000000001,0.9975930000000001,0.993743,0.9916309999999999,0.991648,0.621885,0.45423,2,rus
412,0.05,1317,3089,650956,12,0.9909709999999999,0.9952770000000001,0.9990000000000001,0.993122,0.993124,0.45928500000000005,0.29891100000000004,2,rus
413,0.05,1317,3758,650287,12,0.9909709999999999,0.9942540000000001,0.999066,0.992611,0.992612,0.41130500000000003,0.25950700000000004,2,rus
414,0.05,1317,6099,647946,12,0.9909709999999999,0.990675,0.998884,0.990823,0.990823,0.301201,0.177589,2,rus
415,0.05,1317,3434,650611,12,0.9909709999999999,0.99475,0.9993129999999999,0.992858,0.9928600000000001,0.433224,0.27720500000000003,2,rus
416,0.05,1310,1036,653009,19,0.9857040000000001,0.998416,0.9991049999999999,0.9920389999999999,0.99206,0.712925,0.558397,2,rus
417,0.05,1317,3518,650527,12,0.9909709999999999,0.9946209999999999,0.999384,0.9927940000000001,0.9927959999999999,0.42732,0.272389,2,rus
418,0.05,1317,4885,649160,12,0.9909709999999999,0.9925309999999999,0.9989610000000001,0.991751,0.991751,0.349754,0.212351,2,rus
419,0.05,1316,2243,651802,13,0.990218,0.9965709999999999,0.9993989999999999,0.993389,0.993394,0.538462,0.369767,2,rus
420,0.05,1314,4189,649856,15,0.988713,0.9935950000000001,0.9989389999999999,0.991151,0.9911540000000001,0.38466,0.238779,2,rus
421,0.05,1310,1253,652792,19,0.9857040000000001,0.998084,0.99941,0.991875,0.991894,0.673176,0.51112,2,rus
422,0.05,1317,3944,650101,12,0.9909709999999999,0.99397,0.99913,0.992469,0.9924700000000001,0.39969699999999997,0.25033299999999997,2,rus
423,0.05,1310,3438,650607,19,0.9857040000000001,0.994743,0.9989709999999999,0.9902129999999999,0.990224,0.431134,0.275906,2,rus
424,0.05,1316,2800,651245,13,0.990218,0.995719,0.9993110000000001,0.992965,0.9929690000000001,0.483379,0.319728,2,rus
425,0.05,1311,2706,651339,18,0.986456,0.9958629999999999,0.99887,0.9911479999999999,0.991159,0.49046000000000006,0.326363,2,rus
426,0.05,1311,1983,652062,18,0.986456,0.9969680000000001,0.998915,0.991698,0.991712,0.567164,0.397996,2,rus
427,0.05,1317,5639,648406,12,0.9909709999999999,0.9913780000000001,0.998907,0.991174,0.991174,0.317924,0.189333,2,rus
428,0.05,1317,5038,649007,12,0.9909709999999999,0.992297,0.9990110000000001,0.991634,0.991634,0.34279,0.207238,2,rus
429,0.05,1317,3839,650206,12,0.9909709999999999,0.99413,0.999398,0.992549,0.9925510000000001,0.406168,0.255431,2,rus
430,0.05,1316,3554,650491,13,0.990218,0.994566,0.99929,0.99239,0.992392,0.42458500000000005,0.270226,2,rus
431,0.05,1315,3877,650168,14,0.989466,0.994072,0.999008,0.991766,0.991769,0.403312,0.253274,2,rus
432,0.05,1313,4275,649770,16,0.9879610000000001,0.9934639999999999,0.9988950000000001,0.990708,0.990712,0.379644,0.23496799999999998,2,rus
433,0.05,1317,3483,650562,12,0.9909709999999999,0.994675,0.999398,0.992821,0.992823,0.42976000000000003,0.274375,2,rus
434,0.05,1310,1020,653025,19,0.9857040000000001,0.99844,0.9943770000000001,0.992052,0.992072,0.716043,0.562232,2,rus
435,0.05,1317,3519,650526,12,0.9909709999999999,0.9946200000000001,0.999276,0.992793,0.9927950000000001,0.42725100000000005,0.272333,2,rus
436,0.05,1316,3518,650527,13,0.990218,0.9946209999999999,0.999432,0.992417,0.9924200000000001,0.427065,0.27223800000000004,2,rus
437,0.2,1317,6370,647675,12,0.9909709999999999,0.9902610000000001,0.99897,0.9906159999999999,0.9906159999999999,0.292147,0.171328,2,rus
438,0.2,1317,6676,647369,12,0.9909709999999999,0.989793,0.998973,0.990382,0.990382,0.282557,0.164769,2,rus
439,0.2,1317,6419,647626,12,0.9909709999999999,0.990186,0.999316,0.9905780000000001,0.9905780000000001,0.290568,0.170243,2,rus
440,0.2,1317,6608,647437,12,0.9909709999999999,0.9898969999999999,0.998776,0.990434,0.990434,0.284634,0.166183,2,rus
441,0.2,1319,7505,646540,10,0.992476,0.988525,0.999224,0.990498,0.9905,0.259825,0.149479,2,rus
442,0.2,1317,5047,648998,12,0.9909709999999999,0.992283,0.998769,0.991627,0.991627,0.342389,0.206945,2,rus
443,0.2,1317,6175,647870,12,0.9909709999999999,0.990559,0.998908,0.990765,0.990765,0.298606,0.175788,2,rus
444,0.2,1317,5746,648299,12,0.9909709999999999,0.991215,0.9993290000000001,0.991093,0.991093,0.31387,0.18646500000000002,2,rus
445,0.2,1317,6046,647999,12,0.9909709999999999,0.990756,0.9990479999999999,0.9908629999999999,0.9908629999999999,0.303037,0.178867,2,rus
446,0.2,1318,4883,649162,11,0.9917229999999999,0.992534,0.99944,0.992129,0.992129,0.350066,0.212546,2,rus
447,0.2,1317,5618,648427,12,0.9909709999999999,0.99141,0.999325,0.99119,0.9911909999999999,0.318732,0.189906,2,rus
448,0.2,1317,7658,646387,12,0.9909709999999999,0.988291,0.9989680000000001,0.9896299999999999,0.9896309999999999,0.255629,0.146741,2,rus
449,0.2,1317,6467,647578,12,0.9909709999999999,0.9901120000000001,0.999152,0.990541,0.990541,0.289038,0.169193,2,rus
450,0.2,1317,6300,647745,12,0.9909709999999999,0.990368,0.999066,0.990669,0.990669,0.294433,0.172903,2,rus
451,0.2,1328,72834,581211,1,0.9992479999999999,0.888641,0.998858,0.9423229999999999,0.943944,0.035183,0.017907,2,rus
452,0.2,1317,6181,647864,12,0.9909709999999999,0.99055,0.999461,0.9907600000000001,0.9907600000000001,0.29840300000000003,0.175647,2,rus
453,0.2,1317,5801,648244,12,0.9909709999999999,0.991131,0.999035,0.991051,0.991051,0.311827,0.185024,2,rus
454,0.2,1317,6196,647849,12,0.9909709999999999,0.990527,0.999193,0.990749,0.990749,0.297896,0.175296,2,rus
455,0.2,1317,6365,647680,12,0.9909709999999999,0.990268,0.999136,0.990619,0.990619,0.29230900000000004,0.17144,2,rus
456,0.2,1317,7021,647024,12,0.9909709999999999,0.989265,0.998776,0.990118,0.990118,0.272473,0.157952,2,rus
457,0.2,1317,6523,647522,12,0.9909709999999999,0.990027,0.9992,0.990499,0.990499,0.28727199999999997,0.167985,2,rus
458,0.2,1317,7219,646826,12,0.9909709999999999,0.9889629999999999,0.9988309999999999,0.989966,0.989967,0.267005,0.154288,2,rus
459,0.2,1317,4734,649311,12,0.9909709999999999,0.992762,0.9990709999999999,0.991866,0.991866,0.35691100000000003,0.21765,2,rus
460,0.2,1318,6911,647134,11,0.9917229999999999,0.989433,0.9991049999999999,0.9905780000000001,0.9905780000000001,0.27579000000000004,0.160165,2,rus
461,0.2,1317,5710,648335,12,0.9909709999999999,0.9912700000000001,0.99905,0.9911200000000001,0.9911200000000001,0.315223,0.18742,2,rus
462,0.2,1318,5286,648759,11,0.9917229999999999,0.9919180000000001,0.999101,0.991821,0.991821,0.332283,0.199576,2,rus
463,0.2,1317,7568,646477,12,0.9909709999999999,0.9884290000000001,0.999236,0.989699,0.9897,0.25788099999999997,0.148227,2,rus
464,0.2,1317,4257,649788,12,0.9909709999999999,0.993491,0.999165,0.99223,0.992231,0.381573,0.236276,2,rus
465,0.2,1317,7664,646381,12,0.9909709999999999,0.988282,0.998518,0.989625,0.989626,0.25548000000000004,0.146643,2,rus
466,0.2,1317,6904,647141,12,0.9909709999999999,0.9894440000000001,0.9991450000000001,0.990207,0.990207,0.275812,0.160199,2,rus
467,0.4,1317,6907,647138,12,0.9909709999999999,0.98944,0.999185,0.9902049999999999,0.9902049999999999,0.275725,0.160141,2,rus
468,0.4,1317,8124,645921,12,0.9909709999999999,0.9875790000000001,0.9986659999999999,0.989273,0.989275,0.24456799999999998,0.139498,2,rus
469,0.4,1317,5506,648539,12,0.9909709999999999,0.991582,0.998993,0.991276,0.991276,0.32311100000000004,0.193024,2,rus
470,0.4,1317,6686,647359,12,0.9909709999999999,0.989777,0.9993200000000001,0.990374,0.990374,0.28225500000000003,0.16456300000000001,2,rus
471,0.4,1317,6981,647064,12,0.9909709999999999,0.989326,0.998885,0.9901479999999999,0.990149,0.27360500000000004,0.15871300000000002,2,rus
472,0.4,1318,11431,642614,11,0.9917229999999999,0.9825229999999999,0.9988299999999999,0.9871120000000001,0.987123,0.187243,0.103381,2,rus
473,0.4,1318,7328,646717,11,0.9917229999999999,0.9887959999999999,0.999064,0.990258,0.990259,0.264261,0.15244000000000002,2,rus
474,0.4,1317,7766,646279,12,0.9909709999999999,0.9881260000000001,0.998878,0.989547,0.989548,0.252977,0.144996,2,rus
475,0.4,1317,7544,646501,12,0.9909709999999999,0.988466,0.9985280000000001,0.989717,0.989718,0.25848899999999997,0.14862899999999998,2,rus
476,0.4,1317,5213,648832,12,0.9909709999999999,0.99203,0.999091,0.9915,0.9915,0.33515700000000004,0.201685,2,rus
477,0.4,1317,8261,645784,12,0.9909709999999999,0.987369,0.99855,0.989168,0.9891700000000001,0.24149600000000002,0.137503,2,rus
478,0.4,1317,5833,648212,12,0.9909709999999999,0.991082,0.998764,0.9910260000000001,0.9910260000000001,0.31065,0.184196,2,rus
479,0.4,1317,7243,646802,12,0.9909709999999999,0.988926,0.998775,0.9899479999999999,0.9899479999999999,0.266357,0.153855,2,rus
480,0.4,1317,6923,647122,12,0.9909709999999999,0.9894149999999999,0.999008,0.990193,0.990193,0.275264,0.15983,2,rus
481,0.4,1318,8328,645717,11,0.9917229999999999,0.987267,0.998445,0.9894930000000001,0.9894950000000001,0.240182,0.13663699999999998,2,rus
482,0.4,1318,7164,646881,11,0.9917229999999999,0.9890469999999999,0.999165,0.990384,0.9903850000000001,0.26867800000000003,0.155388,2,rus
483,0.4,1318,18725,635320,11,0.9917229999999999,0.9713700000000001,0.9990610000000001,0.9814940000000001,0.981547,0.123339,0.065759,2,rus
484,0.4,1317,7177,646868,12,0.9909709999999999,0.989027,0.998542,0.9899979999999999,0.989999,0.268146,0.155051,2,rus
485,0.4,1317,7166,646879,12,0.9909709999999999,0.989044,0.998925,0.990007,0.990007,0.268447,0.155252,2,rus
486,0.4,1289,4361,649684,40,0.969902,0.993332,0.9988870000000001,0.981547,0.981617,0.369394,0.228142,2,rus
487,0.4,1317,6082,647963,12,0.9909709999999999,0.990701,0.999123,0.990836,0.990836,0.30178699999999997,0.17799700000000002,2,rus
488,0.4,1317,6652,647393,12,0.9909709999999999,0.9898290000000001,0.998901,0.9904,0.9904,0.283287,0.165265,2,rus
489,0.4,1317,7784,646261,12,0.9909709999999999,0.988099,0.998499,0.989534,0.989535,0.25254099999999996,0.144709,2,rus
490,0.4,1318,8163,645882,11,0.9917229999999999,0.987519,0.9988799999999999,0.989619,0.9896209999999999,0.243848,0.139015,2,rus
491,0.4,1318,8147,645898,11,0.9917229999999999,0.9875440000000001,0.998475,0.9896309999999999,0.989633,0.24420999999999998,0.13925,2,rus
492,0.4,1318,7571,646474,11,0.9917229999999999,0.988424,0.9988959999999999,0.990072,0.990074,0.25797600000000004,0.148273,2,rus
493,0.4,1322,8989,645056,7,0.994733,0.9862559999999999,0.9991,0.9904860000000001,0.9904950000000001,0.227148,0.12821300000000002,2,rus
494,0.4,1317,6948,647097,12,0.9909709999999999,0.9893770000000001,0.99869,0.990173,0.990174,0.274547,0.15934700000000002,2,rus
495,0.4,1318,7343,646702,11,0.9917229999999999,0.9887729999999999,0.999123,0.990247,0.9902479999999999,0.263864,0.152176,2,rus
496,0.4,1317,7167,646878,12,0.9909709999999999,0.989042,0.998892,0.9900059999999999,0.9900059999999999,0.268419,0.15523299999999998,2,rus
497,0.002,1321,265426,388619,8,0.99398,0.594178,0.994517,0.768506,0.794079,0.009855,0.004952000000000001,2,baseline
498,0.002,1329,653651,394,0,1.0,0.000602,0.998943,0.024544,0.500301,0.00405,0.002029,2,baseline
499,0.002,1321,347086,306959,8,0.99398,0.46932399999999996,0.992527,0.6830069999999999,0.7316520000000001,0.007554000000000001,0.0037920000000000002,2,baseline
500,0.002,1310,105174,548871,19,0.9857040000000001,0.839195,0.9914719999999999,0.9095040000000001,0.912449,0.024301,0.012302,2,baseline
501,0.002,1329,647958,6087,0,1.0,0.009307,0.9984940000000001,0.096471,0.504653,0.004085,0.0020469999999999998,2,baseline
502,0.002,1329,651486,2559,0,1.0,0.003913000000000001,0.999252,0.062551,0.5019560000000001,0.004063000000000001,0.002036,2,baseline
503,0.002,1329,631583,22462,0,1.0,0.034343,0.9979680000000001,0.185319,0.5171720000000001,0.004190999999999999,0.0021,2,baseline
504,0.002,1321,360110,293935,8,0.99398,0.44941099999999995,0.9930389999999999,0.6683600000000001,0.721696,0.0072829999999999995,0.003655,2,baseline
505,0.002,1322,620258,33787,7,0.994733,0.051659000000000004,0.990369,0.22668600000000003,0.523196,0.0042450000000000005,0.002127,2,baseline
506,0.002,1312,118363,535682,17,0.987208,0.819029,0.9919879999999999,0.8991959999999999,0.903119,0.021685,0.010962999999999999,2,baseline
507,0.002,1319,211650,442395,10,0.992476,0.6763979999999999,0.993402,0.819334,0.8344370000000001,0.01231,0.006193,2,baseline
508,0.002,1329,653588,457,0,1.0,0.000699,0.999389,0.026432999999999998,0.5003489999999999,0.00405,0.002029,2,baseline
509,0.002,1329,630880,23165,0,1.0,0.035418,0.998352,0.188197,0.517709,0.004195,0.002102,2,baseline
510,0.002,1329,653097,948,0,1.0,0.001449,0.998395,0.038072,0.500725,0.004053,0.002031,2,baseline
511,0.002,1312,104587,549458,17,0.987208,0.8400920000000001,0.9922200000000001,0.910684,0.91365,0.024471,0.012389,2,baseline
512,0.002,1329,653137,908,0,1.0,0.0013880000000000001,0.999129,0.03726,0.500694,0.004053,0.002031,2,baseline
513,0.002,1329,653825,220,0,1.0,0.000336,0.999375,0.018340000000000002,0.5001680000000001,0.0040490000000000005,0.002029,2,baseline
514,0.002,1329,653453,592,0,1.0,0.0009050000000000001,0.999202,0.030085,0.5004529999999999,0.004051,0.00203,2,baseline
515,0.002,1329,601982,52063,0,1.0,0.07960199999999999,0.9992530000000001,0.28213699999999997,0.539801,0.004396,0.002203,2,baseline
516,0.002,1329,650575,3470,0,1.0,0.005305,0.996685,0.072838,0.502653,0.004069,0.002039,2,baseline
517,0.002,1321,548179,105866,8,0.99398,0.161863,0.990142,0.40110999999999997,0.577922,0.004796,0.002404,2,baseline
518,0.002,1321,459068,194977,8,0.99398,0.298109,0.9933290000000001,0.5443479999999999,0.646045,0.005722,0.002869,2,baseline
519,0.002,1329,644965,9080,0,1.0,0.013883000000000001,0.9951559999999999,0.117825,0.506941,0.004104,0.0020559999999999997,2,baseline
520,0.002,1321,515944,138101,8,0.99398,0.21114899999999998,0.9929049999999999,0.458124,0.602565,0.005095000000000001,0.002554,2,baseline
521,0.002,1329,650221,3824,0,1.0,0.005847,0.99884,0.076464,0.502923,0.004071,0.0020399999999999997,2,baseline
522,0.002,1329,653168,877,0,1.0,0.001341,0.9994280000000001,0.036618,0.50067,0.004053,0.002031,2,baseline
523,0.002,1329,647304,6741,0,1.0,0.010306999999999998,0.999366,0.101522,0.505153,0.004089,0.002049,2,baseline
524,0.002,1329,653918,127,0,1.0,0.000194,0.99939,0.013935,0.500097,0.0040479999999999995,0.0020280000000000003,2,baseline
525,0.002,1329,562781,91264,0,1.0,0.13953800000000002,0.997175,0.373548,0.569769,0.0047009999999999994,0.002356,2,baseline
526,0.002,1321,243391,410654,8,0.99398,0.627868,0.9943049999999999,0.7899930000000001,0.810924,0.010738,0.005398,2,baseline
527,0.002,1329,653654,391,0,1.0,0.000598,0.9931139999999999,0.02445,0.5002989999999999,0.00405,0.002029,4,baseline
528,0.002,1329,652726,1319,0,1.0,0.002017,0.9891120000000001,0.044907,0.501008,0.004056000000000001,0.002032,4,baseline
529,0.002,1324,642031,12014,5,0.996238,0.018369,0.987643,0.135276,0.507303,0.004107,0.002058,4,baseline
530,0.002,1324,644323,9722,5,0.996238,0.014863999999999999,0.991194,0.12169,0.505551,0.004093,0.0020510000000000003,4,baseline
531,0.002,1324,643916,10129,5,0.996238,0.015487,0.9897239999999999,0.12421099999999999,0.505862,0.0040950000000000005,0.002052,4,baseline
532,0.002,1324,643524,10521,5,0.996238,0.016086000000000003,0.992345,0.126592,0.506162,0.004098,0.002053,4,baseline
533,0.002,1324,642258,11787,5,0.996238,0.018022,0.990808,0.133992,0.50713,0.004106,0.0020570000000000002,4,baseline
534,0.002,1323,638137,15908,6,0.9954850000000001,0.024322,0.991253,0.155604,0.509904,0.004129,0.002069,4,baseline
535,0.002,1325,646586,7459,4,0.9969899999999999,0.011404000000000001,0.9913559999999999,0.10663099999999999,0.504197,0.004082,0.002045,4,baseline
536,0.002,1325,648399,5646,4,0.9969899999999999,0.008631999999999999,0.9922059999999999,0.092771,0.502811,0.004070000000000001,0.002039,4,baseline
537,0.002,1323,635227,18818,6,0.9954850000000001,0.028772000000000002,0.990332,0.169239,0.512129,0.004148,0.002078,4,baseline
538,0.002,1325,645724,8321,4,0.9969899999999999,0.012722,0.992767,0.112624,0.5048560000000001,0.0040869999999999995,0.002048,4,baseline
539,0.002,1329,653892,153,0,1.0,0.000234,0.9992969999999999,0.015295,0.500117,0.0040479999999999995,0.0020280000000000003,4,baseline
540,0.002,1324,645502,8543,5,0.996238,0.013062,0.992041,0.11407300000000001,0.50465,0.004085,0.0020469999999999998,4,baseline
541,0.002,1326,638382,15663,3,0.997743,0.023948,0.993826,0.154576,0.510845,0.004137,0.002073,4,baseline
542,0.002,1326,647781,6264,3,0.997743,0.009577,0.989758,0.09775299999999999,0.50366,0.004077,0.002043,4,baseline
543,0.002,1329,653991,54,0,1.0,8.3e-05,0.9989899999999999,0.009086,0.500041,0.0040479999999999995,0.0020280000000000003,4,baseline
544,0.002,1324,644743,9302,5,0.996238,0.014222,0.9903930000000001,0.11903299999999999,0.5052300000000001,0.00409,0.002049,4,baseline
545,0.002,1329,653818,227,0,1.0,0.00034700000000000003,0.998828,0.01863,0.500174,0.0040490000000000005,0.002029,4,baseline
546,0.002,1323,638329,15716,6,0.9954850000000001,0.024029,0.9903709999999999,0.154662,0.509757,0.004128,0.002068,4,baseline
547,0.002,1329,653247,798,0,1.0,0.00122,0.998843,0.03493,0.50061,0.004052,0.00203,4,baseline
548,0.002,1324,625511,28534,5,0.996238,0.043627,0.9904440000000001,0.208477,0.519932,0.004215,0.002112,4,baseline
549,0.002,1329,653907,138,0,1.0,0.00021099999999999998,0.998567,0.014525999999999999,0.500105,0.0040479999999999995,0.0020280000000000003,4,baseline
550,0.002,1329,653974,71,0,1.0,0.000109,0.9993350000000001,0.010419,0.500054,0.0040479999999999995,0.0020280000000000003,4,baseline
551,0.002,1329,653905,140,0,1.0,0.00021400000000000002,0.998659,0.014631,0.500107,0.0040479999999999995,0.0020280000000000003,4,baseline
552,0.002,1326,647194,6851,3,0.997743,0.010475,0.992149,0.10223099999999999,0.504109,0.004081,0.002045,4,baseline
553,0.002,1323,636240,17805,6,0.9954850000000001,0.027223,0.99155,0.16462100000000002,0.511354,0.004142,0.002075,4,baseline
554,0.002,1328,650343,3702,1,0.9992479999999999,0.00566,0.992382,0.075206,0.502454,0.004067,0.002038,4,baseline
555,0.002,1325,644456,9589,4,0.9969899999999999,0.014661000000000002,0.988721,0.120901,0.505826,0.0040950000000000005,0.002052,4,baseline
556,0.002,1329,652231,1814,0,1.0,0.002774,0.992403,0.052663999999999996,0.501387,0.004059,0.0020329999999999997,4,baseline
